"filename", "language", "Markdown", "C++", "Makefile", "Shell Script", "HTML", "comment", "blank", "total"
"c:\Users\N0ne\Desktop\epoll\Makefile", "Makefile", 0, 0, 29, 0, 0, 0, 10, 39
"c:\Users\N0ne\Desktop\epoll\README.md", "Markdown", 146, 0, 0, 0, 0, 1, 47, 194
"c:\Users\N0ne\Desktop\epoll\core\coroutine.cpp", "C++", 0, 232, 0, 0, 0, 27, 52, 311
"c:\Users\N0ne\Desktop\epoll\core\coroutine.h", "C++", 0, 139, 0, 0, 0, 6, 27, 172
"c:\Users\N0ne\Desktop\epoll\db\database.cpp", "C++", 0, 70, 0, 0, 0, 1, 12, 83
"c:\Users\N0ne\Desktop\epoll\db\database.h", "C++", 0, 28, 0, 0, 0, 0, 7, 35
"c:\Users\N0ne\Desktop\epoll\http\http_parser.cpp", "C++", 0, 106, 0, 0, 0, 54, 30, 190
"c:\Users\N0ne\Desktop\epoll\http\http_parser.h", "C++", 0, 17, 0, 0, 0, 31, 12, 60
"c:\Users\N0ne\Desktop\epoll\http\http_request.cpp", "C++", 0, 60, 0, 0, 0, 6, 11, 77
"c:\Users\N0ne\Desktop\epoll\http\http_request.h", "C++", 0, 26, 0, 0, 0, 29, 15, 70
"c:\Users\N0ne\Desktop\epoll\http\http_response.cpp", "C++", 0, 71, 0, 0, 0, 6, 19, 96
"c:\Users\N0ne\Desktop\epoll\http\http_response.h", "C++", 0, 22, 0, 0, 0, 36, 16, 74
"c:\Users\N0ne\Desktop\epoll\http\http_server.cpp", "C++", 0, 129, 0, 0, 0, 59, 31, 219
"c:\Users\N0ne\Desktop\epoll\http\http_server.h", "C++", 0, 42, 0, 0, 0, 50, 16, 108
"c:\Users\N0ne\Desktop\epoll\main.cpp", "C++", 0, 156, 0, 0, 0, 7, 17, 180
"c:\Users\N0ne\Desktop\epoll\net\connection.cpp", "C++", 0, 107, 0, 0, 0, 43, 30, 180
"c:\Users\N0ne\Desktop\epoll\net\connection.h", "C++", 0, 30, 0, 0, 0, 50, 16, 96
"c:\Users\N0ne\Desktop\epoll\net\tcp_server.cpp", "C++", 0, 80, 0, 0, 0, 4, 19, 103
"c:\Users\N0ne\Desktop\epoll\net\tcp_server.h", "C++", 0, 31, 0, 0, 0, 1, 8, 40
"c:\Users\N0ne\Desktop\epoll\static\chat.html", "HTML", 0, 0, 0, 0, 214, 4, 26, 244
"c:\Users\N0ne\Desktop\epoll\test\bench.sh", "Shell Script", 0, 0, 0, 60, 0, 17, 16, 93
"c:\Users\N0ne\Desktop\epoll\ws\chat_room.h", "C++", 0, 37, 0, 0, 0, 10, 8, 55
"c:\Users\N0ne\Desktop\epoll\ws\websocket.cpp", "C++", 0, 114, 0, 0, 0, 38, 31, 183
"c:\Users\N0ne\Desktop\epoll\ws\websocket.h", "C++", 0, 35, 0, 0, 0, 24, 14, 73
"Total", "-", 146, 1532, 29, 60, 214, 504, 490, 2975