"filename", "language", "Markdown", "C++", "Makefile", "HTML", "comment", "blank", "total"
"c:\Users\N0ne\Desktop\epoll\Makefile", "Makefile", 0, 0, -1, 0, 0, 0, -1
"c:\Users\N0ne\Desktop\epoll\README.md", "Markdown", 46, 0, 0, 0, -1, 2, 47
"c:\Users\N0ne\Desktop\epoll\core\coroutine.cpp", "C++", 0, 71, 0, 0, 26, 0, 97
"c:\Users\N0ne\Desktop\epoll\core\coroutine.h", "C++", 0, 20, 0, 0, 12, 6, 38
"c:\Users\N0ne\Desktop\epoll\db\database.cpp", "C++", 0, -70, 0, 0, -1, -12, -83
"c:\Users\N0ne\Desktop\epoll\db\database.h", "C++", 0, -28, 0, 0, 0, -7, -35
"c:\Users\N0ne\Desktop\epoll\http\http_response.cpp", "C++", 0, 0, 0, 0, 2, 0, 2
"c:\Users\N0ne\Desktop\epoll\main.cpp", "C++", 0, -73, 0, 0, -1, 0, -74
"c:\Users\N0ne\Desktop\epoll\net\connection.cpp", "C++", 0, 0, 0, 0, 1, 0, 1
"c:\Users\N0ne\Desktop\epoll\net\connection.h", "C++", 0, 0, 0, 0, 2, 0, 2
"c:\Users\N0ne\Desktop\epoll\net\tcp_server.cpp", "C++", 0, 22, 0, 0, 2, 0, 24
"c:\Users\N0ne\Desktop\epoll\static\chat.html", "HTML", 0, 0, 0, 45, 1, 3, 49
"c:\Users\N0ne\Desktop\epoll\ws\chat_room.h", "C++", 0, 14, 0, 0, 1, 2, 17
"Total", "-", 46, -44, -1, 45, 44, -6, 84